frame,gt_u,gt_v,ptl_u,ptl_v,fb_u,fb_v,lk_u,lk_v,epe_ptl,epe_fb,epe_lk,rmse_ptl,rmse_fb,rmse_lk,ae_ptl,ae_fb,ae_lk,re_ptl,re_fb,re_lk
50,0.5818864727417149,0.7557422483976863,-1.3080579042434692,-0.05270428583025932,0.9930885434150696,-1.5498077869415283,2.9642951488494873,2.2981743812561035,2.0555961536262646,2.3419325584607913,2.838127549013214,1.4535259796101156,1.6559963931691861,2.0068592357795993,129.90182989716502,109.75435735306534,14.61979176615417,215.51602964889872,245.53655921887994,297.5594111330958
51,0.5059702129580556,0.06646852985105768,-1.211211919784546,-0.5190274715423584,0.8653756380081177,-1.83319091796875,2.9280595779418945,1.3776848316192627,1.8142546802084067,1.9333593244005296,2.7542340281810667,1.2828717871747957,1.3670914887538566,1.9475375583015728,164.28739041593496,72.2139379315839,17.71391425474373,355.5149061184957,378.8542293459134,539.7099220075755
52,0.6487577616618911,0.4199944425967142,-1.5396430492401123,-0.49014008045196533,0.9504479169845581,-1.5458958148956299,2.4874179363250732,1.9008766412734985,2.3701145455866883,1.9889045865304675,2.360864952565104,1.6759240673732199,1.40636792026872,1.6693836174244419,164.73997928580846,91.33427311483523,4.469812295636758,306.67589039086073,257.3500450062482,305.4790591318275
53,0.7977531962491746,0.6887590024619885,-0.41774243116378784,0.3788582682609558,1.0947041511535645,-1.2882270812988281,2.8739283084869385,2.1647582054138184,1.2543795619023654,1.9991632862281559,2.547366629244783,0.8869802944029732,1.413621916391112,1.801260217707304,96.98806212431136,90.4493798637761,3.8189833808714924,119.017604448138,189.68391422664303,241.6983527729387
54,1.0746195329601027,0.16685320927536956,-0.4539101719856262,-1.2379876375198364,1.5271425247192383,-1.8328831195831299,3.2657063007354736,1.251815676689148,2.076049340388072,2.050298135156716,2.444995864948838,1.4679885666662649,1.4497797148234464,1.7288731560783914,118.96117513289808,59.02495816016847,12.14754192871948,190.9018245100408,188.5338884661511,224.82807246333988
55,1.3101408240484504,0.7267533603215091,0.07578862458467484,0.040245525538921356,1.6698579788208008,-1.308855652809143,3.086822509765625,1.6402215957641602,1.4124157884769404,2.067147910957574,1.9977542465292202,0.9987287818869889,1.4616943055537062,1.4126255748650334,1.0862892964168942,67.10756384782972,1.0362677221750785,94.27342168828541,137.97431910040083,133.3425539767583
56,1.4913504368570334,0.1585089489728526,0.8839696645736694,-0.5187068581581116,2.0873162746429443,-1.5864989757537842,3.883281707763672,1.089333176612854,0.9096882169004823,1.84397069856509,2.566664946482624,0.64324670693583,1.3038841852646703,1.8149061886916706,36.47115724804042,43.30424389560089,9.603177203899026,60.65597495340794,122.95184045372565,171.13947593834956
57,1.724808163618171,0.01600468836284375,0.6126391291618347,-1.4950158596038818,2.249389886856079,-1.664014458656311,3.5772788524627686,0.5024147033691406,1.87619376866602,1.7600142950289415,1.9152656097071246,1.3266693366436872,1.2445180430002254,1.3542973003972953,68.2484505149762,37.02436005211972,7.463410589868037,108.77227053478542,102.03676946443154,111.03745920292437
58,1.9705535135830052,0.5696062177564338,1.6030385494232178,-0.4324329197406769,2.658815860748291,-1.3552110195159912,4.18452787399292,0.7480177283287048,1.0673095530151144,2.044168891120917,2.221151308591373,0.7547018225621703,1.4454456848021857,1.570591152346334,31.219182214448086,43.130618012452715,5.987778912783451,52.032735977639724,99.65590573505622,108.28402995160602
59,2.150571954110862,0.10728117767598323,1.792297601699829,-0.5563777685165405,2.6500658988952637,-1.2797644138336182,3.984349012374878,0.8533422350883484,0.754190763969512,1.4742420675731995,1.9797336691592342,0.5332934035111049,1.0424465630914859,1.3998831024058196,20.101745630337682,28.632645265792767,9.233033759205268,35.02575699947201,68.46602595004128,91.9418186118858
60,2.1355402179714886,0.06472130154219498,1.5334032773971558,-0.6661399006843567,2.733065605163574,-1.2050979137420654,3.779817819595337,0.7393552660942078,0.9469567002372696,1.4033807137923004,1.7772956471361316,0.6695995042278101,0.9923400193089531,1.256737804263292,25.217101960887938,25.530263878767375,9.3319934835545,44.32237341860626,65.68533073327156,83.18644487957421
61,2.267217242998985,0.3307494817054633,2.0880188941955566,-0.09189077466726303,3.068598747253418,-1.0101732015609741,4.0566887855529785,0.6709542274475098,0.4590608178887401,1.5621414653799957,1.8215234477315903,0.3246050173061709,1.1046008233428852,1.2880115819813072,10.820111821084492,26.52142723038109,1.093476026708469,20.035687774530693,68.17959067808548,79.5003050806702
62,2.3100597459650154,-0.002220391913966762,1.9450900554656982,-0.7170006036758423,2.9234566688537598,-1.1787292957305908,3.7954678535461426,0.2067740261554718,0.8025668982144224,1.326811586386392,1.5000386371197005,0.5675004960832717,0.9381974700906986,1.0606874923491671,20.180005348626153,21.904185163930155,3.1741361093087255,34.742241142511105,57.436218946321574,64.9350280579013
63,1.935829161588385,0.3310455933087792,2.168820858001709,-0.30720439553260803,2.811305284500122,-0.7273306250572205,3.418862819671631,0.17220228910446167,0.6794469654458614,1.373542376991435,1.4915160161051975,0.4804415567233904,0.971241129017733,1.0546610892363288,17.766510931000013,24.20967577714306,6.821193253980218,34.59627140419046,69.93841650079302,75.94543138920517
64,2.1777838980603095,0.5672460974319006,2.530478000640869,0.3607874810695648,2.8467068672180176,-0.3901931941509247,3.2780730724334717,0.46136459708213806,0.4086787127626743,1.1679674377881373,1.1053719552074277,0.2889794891210763,0.825877695465069,0.7816160052606048,6.485465866537344,22.40431387132164,6.5884388166072645,18.159892118541656,51.89935762697564,49.11788852845214
65,2.110237923679655,0.38244836385976827,2.5615034103393555,-0.03124978207051754,3.00175404548645,-0.5087892413139343,3.5321543216705322,0.2395576387643814,0.612198248442751,1.2605972649173822,1.429078025229426,0.43288953290439597,0.8913768743682957,1.0105107624844072,10.971697099083686,19.892658516723838,6.392895056311788,28.545842726282615,58.77967040423295,66.63566361967558
66,2.0903548285253453,0.9636321090066938,2.054500102996826,0.8731498718261719,2.4960970878601074,0.048046011477708817,2.8932693004608154,0.5570225715637207,0.09732726538805901,1.001461273838601,0.9000016473223832,0.06882076935023929,0.7081400578269929,0.6363972679007207,1.7257025836631792,23.64660657659908,13.851941113652563,4.228356247585864,43.508209308737825,39.10032376970559
67,2.081518443448733,0.24616351741885067,2.271700382232666,0.0139375701546669,2.9595017433166504,-0.4226159155368805,3.1816201210021973,0.024294476956129074,0.3001633895437003,1.1036850115823567,1.122252009163626,0.21224756821028973,0.7804231559838377,0.7935520058798274,6.393505745477521,14.871610422187892,6.30747416127756,14.32061021964787,52.656131316232305,53.54195132151245
68,1.8920427871146144,0.01855590061075274,2.2180697917938232,-0.19153355062007904,2.5523619651794434,-0.5093669891357422,2.687838315963745,-0.2315765917301178,0.3878545929837223,0.8454135050012516,0.8341803087228344,0.2742546128131384,0.5977976222930722,0.589854553030204,5.497814257296022,11.84822088247821,5.486720228151716,20.498264854048738,44.68042985746621,44.08675110094786
69,1.9172375252782514,0.8476162761125875,2.3296146392822266,0.697601854801178,2.865691661834717,0.12937448918819427,2.847277879714966,0.4814405143260956,0.4388156911000843,1.189721191555154,0.9995297641394613,0.3102895508679309,0.8412599222699889,0.7067742742208034,7.1804638277189925,21.265562827472607,14.253295017381381,20.933392461282114,56.754808744174944,47.681861095281306
70,1.9343790462322634,0.20734216074530176,2.330733299255371,0.19588589668273926,2.4884095191955566,-0.13157692551612854,2.526334762573242,-0.07377821207046509,0.3965197849739365,0.6494735652851571,0.6553168959525133,0.28038182882970214,0.4592471622145385,0.46337902095414135,1.3162895009190476,9.145132673773277,7.79121067542607,20.381805122210622,33.38406844071984,33.684425778335466
71,1.7496221340470421,0.8186987298051664,2.4163732528686523,0.8471845388412476,2.6204376220703125,0.3787004351615906,2.5450007915496826,0.3622892200946808,0.6673593453052928,0.97566290975442,0.9170260897950878,0.4718943185535873,0.689897859639549,0.6484353666190905,5.756015194992916,16.85308250055073,16.974612749326422,34.54786478628629,50.508126574253,47.47261513397175
72,1.8320626235601967,0.4006793646126801,2.106060266494751,0.6575637459754944,2.382000207901001,0.44129008054733276,2.190742254257202,0.2074679136276245,0.37558526824390664,0.5514350160438891,0.4074085692136222,0.26557889008903485,0.38992343922834666,0.28808136200446116,5.003721518044744,1.8426176597480368,6.927139188564331,20.027305614423938,29.404128773319915,21.72421714974645
73,1.6618633040738742,0.4301926262945681,2.1691582202911377,0.5695555210113525,2.483516216278076,0.47851717472076416,2.1154205799102783,0.14701403677463531,0.5260894871062546,0.8230727611300485,0.534700211358326,0.37200144384378536,0.5820003308049927,0.3780901453533526,0.21524475363737267,3.608046727655316,10.53797316281916,30.646452874876886,47.94671097746584,31.148056045966992
74,1.6379514109701454,1.0928718198342235,2.0260043144226074,1.2909857034683228,2.3052921295166016,1.0412160158157349,1.8961915969848633,0.71800297498703,0.4356996290639587,0.6693369530504774,0.4552083528561238,0.3080861622715886,0.47329269840073435,0.32188091315732387,1.2088669535300514,9.405320701759162,12.972771944215483,22.12712982927605,33.992467910744644,23.117885926728125
75,1.3940861763414156,0.32651849036074826,1.6497212648391724,0.7397183179855347,2.071359634399414,0.5249834656715393,1.7551549673080444,0.1587066650390625,0.48588413847378176,0.7057532737543286,0.39816011920821387,0.3435719691857945,0.4990429257162916,0.28154172029017216,10.969329677755097,1.0437193434604495,8.015722318703313,33.93487045422525,49.29085767797878,27.808094554827083
76,1.4920271320780336,0.6740064108235814,1.7590280771255493,1.235467791557312,2.1905040740966797,1.004929542541504,1.6773972511291504,0.5401904582977295,0.621714071508514,0.7729037182196218,0.22862368684680565,0.4396182359227684,0.5465254603573911,0.16166135930924597,10.772388851349593,0.34347548858879096,6.460452405670176,37.974187818279844,47.2088252561239,13.96429519917871
77,1.3688580021045467,0.9077646631868959,1.592677354812622,1.2530968189239502,1.9673571586608887,1.1421093940734863,1.5332167148590088,0.750908374786377,0.41152083839419723,0.6427431005409248,0.22719525010239663,0.2909891754281102,0.4544880049533548,0.16065130200077832,4.6454269992492,3.4151021835800677,7.45729004929043,25.054528781644827,39.13198071462061,13.832276282667477
78,1.2123928875094474,0.4529334176652452,1.6187535524368286,1.08938467502594,1.6985608339309692,0.6901764869689941,1.3146512508392334,0.20227766036987305,0.7551153507883631,0.5409653834215117,0.27071217470997316,0.5339471851205102,0.38252029100453167,0.19142241448717942,13.454971885860031,1.6310433268986313,11.738253645378327,58.344515065772065,41.79806824234932,20.916765285414925
79,1.1959367172225803,0.7841085697679333,1.4875662326812744,1.5273234844207764,1.795832633972168,1.1476244926452637,1.286150574684143,0.704568088054657,0.798383481573301,0.7014406155321956,0.12027147753842224,0.5645423738078061,0.4959934158424814,0.08504477735074391,12.505209138543101,0.6757481301499784,4.537168685759667,55.82840711244602,49.049502091359045,8.410200319774487
80,1.086371036106491,0.7874109426273755,0.712958574295044,1.7927348613739014,1.4610062837600708,1.2918133735656738,1.0998798608779907,0.7202866673469543,1.0724332371947245,0.628309940332734,0.06847011522283898,0.7583248143902309,0.4442822194961913,0.0484156827826937,32.37781309650361,5.5487528847522105,2.7168471533615235,79.92961349562039,46.82862200132749,5.103152024715181
81,0.8977624955946508,0.774828379262218,1.2708220481872559,1.444138526916504,1.342488408088684,1.0518083572387695,0.9602262377738953,-0.06733545660972595,0.7662568130422049,0.5239265649340006,0.8444771432890186,0.5418253886325357,0.3704720269086058,0.5971355145767088,7.856868877082787,2.7202170169459117,44.807748092629595,64.61446046274166,44.18000824149725,71.21037497872386
82,0.9073728881802465,1.4190859028744256,1.0004712343215942,2.5405173301696777,1.1265661716461182,1.870481014251709,0.8373998403549194,0.5037229061126709,1.1252891842454191,0.5018000020843563,0.9180335741478226,0.795699612975814,0.354826184273272,0.6491477656368485,11.100573881645412,1.537359580249433,26.37680998868908,66.80738907219107,29.79140690679961,54.5028131684697
83,0.8091736116838956,0.8795184141639296,0.734286367893219,2.326021194458008,1.0551705360412598,1.3054726123809814,0.7428449988365173,-0.28939589858055115,1.4484399858748247,0.491885622652273,1.1707946683433261,1.0242017361538356,0.34781565934558945,0.8278768493626208,25.094752928382487,3.6684562937906517,68.67018512215522,121.19607958011764,41.15780401579754,97.96451712206317
84,0.634668890982342,0.8996565194014864,0.5877927541732788,2.1351466178894043,0.9420311450958252,1.5198650360107422,0.5203794240951538,-0.014289903454482555,1.236379050155666,0.6921922849384952,0.9210646807323465,0.874252010482054,0.4894538585650209,0.6512910816572646,19.809632539856334,3.411583580662479,56.371766452733276,112.29668194774032,62.869794549358595,83.65760281401941
85,0.6499343078794618,1.7167432658049484,0.18822996318340302,2.672758102416992,0.6930956840515137,2.1288001537323,0.45415574312210083,0.6308384537696838,1.0616662704134336,0.41431121549076994,1.103412210925634,0.7507114191663697,0.2929622699951644,0.7802302567895567,16.70769521556434,2.702912553591957,15.01546556100674,57.83589018555799,22.57023570357748,60.11006399934623
86,0.33057518395345076,0.8070854348262262,0.11662040650844574,2.10693359375,0.5030311346054077,1.4262433052062988,0.2544572353363037,-0.30768993496894836,1.3173389400792288,0.6427266319119327,1.1173710517118522,0.9314992976511217,0.4544763598741177,0.7901006477669952,19.10571511507618,2.848091020760375,118.1358186537094,151.04288914308157,73.693477403273,128.11505586045408
87,0.27327272029835603,1.5744366992784073,-0.43603265285491943,2.919501781463623,0.37196069955825806,2.066649913787842,0.01490506250411272,0.4483030438423157,1.5206295366387004,0.5020091291880192,1.1553920791228998,1.0752474570297825,0.354974059466402,0.8169855740770265,18.341251439270522,0.36636245830786224,7.943566981898365,95.15969321875237,31.415301081248998,72.30344613701581
88,0.10490174432648049,0.766431206925212,-0.4311542510986328,1.7430758476257324,0.14004984498023987,1.2448530197143555,-0.20213399827480316,-0.3598115146160126,1.114087422261044,0.4797111838721472,1.1673446856260177,0.7877787711154248,0.33920703112702205,0.8254373431882356,21.687325532043644,1.3796894844053065,158.46683410523264,144.01767531503575,62.01209002402904,150.9022223534521
89,-0.029969393771656153,0.6953626089845599,-0.9923701286315918,1.9115813970565796,0.045616164803504944,1.1714262962341309,-0.3418605625629425,-0.4313846528530121,1.5509362704245189,0.48202677413477396,1.1691173992497335,1.0966775540053504,0.340844400704175,0.8266908410126669,24.96781062160194,4.699467762577474,139.1360602726796,222.83306684979868,69.25591104705188,167.97467474983364
90,-0.14617004642169903,1.5457814896651323,-1.1817207336425781,2.972168445587158,-0.015890929847955704,2.019622802734375,-0.5286920070648193,0.42799022793769836,1.762652822829311,0.49142470245849373,1.1814314856006105,1.246383763900216,0.34748973955098234,0.8353982149754887,16.280870772696513,4.951805914945012,45.60716728176188,113.52346552256749,31.650155120698507,76.08996779500481
91,-0.29216876853831025,0.621508833056031,-1.2135118246078491,1.4083820581436157,-0.10703025758266449,0.9799505472183228,-0.6887730360031128,-0.5509043335914612,1.211628036704043,0.4034311969722667,1.237678301619485,0.856750401029172,0.28526893512129553,0.8751707200025869,15.571735064583887,18.945296584245632,103.47595906330007,176.42735527706884,58.744348068816635,180.2205815842124
92,-0.3292040541230857,1.456932119511836,-1.564113736152649,2.5396616458892822,-0.3767341375350952,1.7993361949920654,-0.800962507724762,0.13785597681999207,1.6423474510772336,0.3456872281913568,1.400898964509375,1.1613150197211535,0.24443778322368984,0.9905851575617917,18.895474760897656,0.9115245488268073,67.50181699029736,109.95441579021576,23.14360289413094,93.78954929586506
93,-0.5202824228331231,0.5275973876046895,-1.7828446626663208,1.5142879486083984,-0.4561484456062317,0.8914246559143066,-0.7578993439674377,-0.4798318147659302,1.6023800025669426,0.3694366633139942,1.0350726539709443,1.1330537658528026,0.26123116984825673,0.7319068926436115,5.0576634852473354,17.50131229068096,77.73820103443511,216.2511670508931,49.85777996795833,139.68950501448285
94,-0.6408897572743483,0.14663231878631794,-1.8578296899795532,0.8290289640426636,-0.6045322418212891,0.426161527633667,-1.080239176750183,-1.1218746900558472,1.395208938213078,0.2818837482522615,1.3424373146912483,0.9865617013825501,0.1993219098954557,0.949246528536041,11.161523879343813,22.294934167976376,58.970410745290906,212.21516321949946,42.875302763536475,204.18845238622018
95,-0.7907890006342466,0.8595355577493727,-2.5681676864624023,1.878538966178894,-0.8736340999603271,0.9383065700531006,-1.2042959928512573,-0.5280051231384277,2.0487661992592527,0.11431615310927058,1.4478457009401726,1.448696472562007,0.08083372706272486,1.0237815132465862,11.201324646438863,0.35659598073981325,71.05969949073186,175.41291137215907,9.787612291247678,123.9628170903079
96,-0.9380005733385067,1.1078312139158961,-2.2392797470092773,1.9860529899597168,-1.034799337387085,1.3458924293518066,-1.3675390481948853,0.0143118966370821,1.5699047664577768,0.2569886048371704,1.174856501298719,1.1100903061793772,0.18171838516803318,0.8307489989894262,8.175490911126671,2.7009890032237,49.145880981743296,108.15014846429858,17.703848259206143,80.93542216983913
97,-1.0971387144088838,3.5328017281147464,-2.992208480834961,4.294392108917236,-1.6242903470993042,3.93137788772583,-1.6629915237426758,2.7159433364868164,2.0423783507844644,0.66087199884584,0.9937036951747303,1.444179581588292,0.4673070718802017,0.7026546213481818,17.615170925309847,5.196219949442643,14.226982690260533,55.210705381923674,17.865058748505717,26.86234993146513
98,-1.5036136730339502,6.275345226157027,-3.034719944000244,6.725645065307617,-1.9944967031478882,6.5515923500061035,-1.9947208166122437,5.695125579833984,1.595949986099614,0.5632749086269762,0.7601585784906116,1.1285070576056133,0.39829550756236776,0.537513285627838,10.81133933436511,3.457656163375747,5.828598747919557,24.73202538392247,8.728926006218506,11.779981467328247
99,-2.076585336069017,10.174991773831,-3.9219419956207275,11.029573440551758,-2.470674514770508,11.08298110961914,-2.725825309753418,10.11148738861084,2.0336300120835835,0.9898236785784652,0.6523383710712654,1.4379935719687824,0.6999110353018464,0.46127288581267806,8.039730739366455,1.0328385223473644,3.552239439343713,19.582883408199,9.531528142829181,6.281706203919849
100,-2.4299021042778772,13.233904379646509,-4.42844295501709,14.211442947387695,-2.5224661827087402,13.684340476989746,-2.43176531791687,12.393317222595215,2.2248027291189,0.45984865597885716,0.8405892220131312,1.5731730965623119,0.32516210296216974,0.5943863390778094,6.90338148222329,0.050536387179712525,0.6977297715835605,16.53497182570578,3.417644392098692,6.247348999110409
101,-2.9632447578998984,16.575173818437193,-5.016563415527344,18.053865432739258,-3.0658464431762695,17.758956909179688,-3.9971237182617188,12.977940559387207,2.530345114795257,1.1882211543939976,3.742858910604863,1.789224189413979,0.8401992358213033,2.6466009167131928,5.392860602660105,0.3423329764425953,6.982528929492987,15.027614586500034,7.056796105539926,22.228683680869533
102,-3.1193164223610172,16.66065710985086,-5.2760233879089355,17.847585678100586,-3.1200456619262695,17.308359146118164,-4.123878479003906,13.242286682128906,2.461744170577084,0.6477024467879955,3.5629203340476985,1.740715996561509,0.4579947923149106,2.5193651290325665,5.864044191908425,0.3869667013452468,6.693045319319357,14.523434758446363,3.8212192563479754,21.01999128892153
103,-2.7188062354678286,13.689727667710365,-4.9937543869018555,15.92061996459961,-2.9949376583099365,15.089078903198242,-2.3452930450439453,13.369426727294922,3.1862626275988086,1.426335319250791,0.49204145745215944,2.253027910616385,1.0085713764881135,0.347925851189334,6.182039270773255,0.030653073896506604,1.2835501786422805,22.82897850647892,10.219427006475879,3.5253854340742263
104,-2.382849048641323,10.569141708470955,-5.383663654327393,12.694160461425781,-2.7965404987335205,12.313692092895508,-2.712446451187134,11.832986831665039,3.6770358983981275,1.792929630430386,1.3061159761623065,2.6000570184236853,1.2677926998676166,0.923563463760454,10.277013638064902,0.0962340138302437,0.2083846046057776,33.938455523281405,16.54845484245708,12.055242371863347
105,-2.0078662479328573,8.147144681834094,-4.179537296295166,9.980859756469727,-2.4688498973846436,9.431434631347656,-2.53359055519104,9.120147705078125,2.8422994418676253,1.3645169839483258,1.1059479781997525,2.009809209507337,0.9648592123940766,0.7820233150245971,8.877166065347128,0.8252894972190407,1.6811458210697026,33.87352462421253,16.261833280155315,13.18029885268933
106,-1.9059286485516218,6.557983834867192,-3.6218364238739014,7.138071060180664,-2.178192138671875,6.744234085083008,-2.1139705181121826,6.429636001586914,1.8113091073539427,0.3298735572274854,0.24444751133524661,1.2807889526349252,0.23325582924968358,0.17285049290932833,10.697883578337944,1.694206941036314,1.9952915689157162,26.522510022598617,4.83024939930731,3.5793788829669215
107,-1.4240293753021398,2.655910164449373,-3.702108860015869,3.7627532482147217,-1.9069236516952515,3.0535690784454346,-1.5841195583343506,2.873042106628418,2.5327352310797826,0.6255553485134263,0.2697686916929594,1.7909142568465917,0.44233442894135777,0.19075527124791464,16.33560015174968,3.785855295478252,0.6752417688444542,84.04381813941832,20.75781917566998,8.951741416210314
108,-0.9745293872174999,-0.8499357064610279,-2.2787771224975586,-0.9901366233825684,-1.0749989748001099,-0.9315398931503296,-1.037168025970459,-1.2183881998062134,1.3117615835542689,0.12943485355282838,0.37373899838939423,0.9275555110312274,0.09152426266909264,0.26427338015500884,17.60840419192943,0.20758740284788338,8.500728605270458,101.44345079277153,10.00968343780798,28.902640668684988
109,-0.6291004172941366,-4.632317454467223,-2.2986831665039062,-4.980237007141113,-0.7005724906921387,-4.392653465270996,-0.6454326510429382,-4.837183475494385,1.7054484957311529,0.2500941522572225,0.2055160052908941,1.205934196295895,0.1768432709961829,0.1453217609835616,17.042434875238996,1.3288727533195464,0.14359232106237418,36.481427527807575,5.3497902244118025,4.396214410221733
110,-0.21790881126770095,-6.345861751770595,-1.4263808727264404,-8.497526168823242,-0.45737674832344055,-7.55379056930542,-0.23636281490325928,-8.138574600219727,2.4678056015287835,1.2314369334678943,1.7928078277508661,1.74500207549115,0.8707574062587154,1.2677065723669612,7.562170115625043,1.498932106668678,0.30617881143854375,38.86551628848052,19.393923154353747,28.234963802822037
111,-0.0878117282116889,-7.396118542625578,-1.2408612966537476,-8.604584693908691,-0.13783735036849976,-7.661827564239502,-0.005600374657660723,-8.198363304138184,1.6703034892142923,0.2703772309925613,0.8064461321301027,1.1810829238629774,0.19118557351328164,0.5702435286908581,7.525898614526446,0.35290579288757595,0.6423985886600383,22.581922783619184,3.6554062133911174,10.90287148563451
112,-0.09537737645239668,-7.605616687127163,-1.1917616128921509,-8.592634201049805,-0.1887335628271103,-7.722690582275391,0.020714040845632553,-8.18836784362793,1.4752159051147788,0.14973868725085224,0.5942020932084021,1.0431351702209106,0.10588124116104926,0.4201643295029021,7.177942953749609,0.6827455303085571,0.8643774881915166,19.39487594873767,1.9686360849879447,7.812060489790176
113,-0.21204351847469885,-6.478400079419258,-1.40409255027771,-8.224157333374023,-0.3910503387451172,-7.315025329589844,-0.07295608520507812,-7.7476701736450195,2.1139179936691437,0.8555613659617411,1.2768679987333864,1.4947657481957128,0.6049732435927726,0.9028820205844735,7.814015151442242,1.1861689197373269,1.335855596325026,32.61278321504506,13.199299801998453,19.69907033368009
114,-0.45747046943454583,-3.845255611932059,-2.081615447998047,-5.619695663452148,-0.5779664516448975,-4.8630290031433105,-0.3350830376148224,-5.097595691680908,2.40551125705777,1.024881435867822,1.2583061466959387,1.7009533220861255,0.7247006132143425,0.889756809137413,13.54085416834563,0.055524203320799076,3.0242436298788795,62.119828683660735,26.466498142704125,32.49444875180303
115,-0.7846111203071076,0.022546430308426395,-2.2622463703155518,-1.1954445838928223,-1.272468090057373,-0.7295452952384949,-0.7780294418334961,-0.8446295261383057,1.9149172417476699,0.8964632655999113,0.8672009328470736,1.3540509670508167,0.6338952541903343,0.6132036602674655,29.499586011916332,31.47315071131936,48.9964112199014,243.95870304949017,114.20859911818752,110.48060472190248
116,-1.073320312415769,4.723783131824863,-2.849968671798706,4.171712398529053,-1.185157299041748,3.621318817138672,-1.1005926132202148,4.11069393157959,1.8604465828020582,1.108122320294142,0.6136954829950738,1.315534394734675,0.7835608070641591,0.4339482376093703,21.538398735173097,5.320936706156522,2.188229588567831,38.40575820419941,22.875302245870074,12.668700380217174
117,-1.5799563383340802,9.915113319435694,-3.2306551933288574,9.811859130859375,-1.5729453563690186,9.007156372070312,-1.5551363229751587,9.814845085144043,1.653925070049917,0.907984015353341,0.10329449148131023,1.169501632606732,0.6420416544653377,0.07304023538565053,9.170864131052804,0.8527727785650121,0.062044811662594984,16.473019471534656,9.043480043691691,1.028808499421645
118,-1.6567400370414438,11.875764590567687,-3.9605789184570312,13.051607131958008,-1.8203336000442505,11.990274429321289,-1.7966675758361816,12.885087966918945,2.586557417430642,0.1996881494413956,1.01897664063621,1.8289722897935705,0.1412008445926035,0.7205252924645518,8.938907298738734,0.6915235225290459,0.032663853249861,21.571236499022064,1.6653488024755632,8.498008184166709
119,-1.565457010817031,10.995135262549628,-4.504541397094727,12.994098663330078,-1.7631808519363403,11.934500694274902,-1.9387284517288208,12.85176944732666,3.5544439378503467,0.9599490255567664,1.893785115762356,2.5133714118013954,0.678786465564608,1.339108297465713,11.016307341418091,0.30270724168413266,0.4765571085810031,32.00466323822952,8.643502563551873,17.05188095108945
120,-1.4542177301054684,10.101356724191087,-3.84614896774292,11.705695152282715,-1.573588490486145,10.698087692260742,-1.7651970386505127,11.501611709594727,2.880145280613002,0.6085533885266018,1.4343716932827772,2.036570258723885,0.43031222774121186,1.0142539510622826,9.996903699142324,0.17903243280984743,0.534291256246105,28.221510902245623,5.96299645177853,14.054893915364136
121,-1.338552273393633,8.431694408436881,-3.0003223419189453,9.76293659210205,-1.5004758834838867,8.920928955078125,-1.6097452640533447,9.704874992370605,2.129245291697561,0.5153345487466603,1.3017428461446516,1.5056037845688737,0.3643965539984729,0.9204711938699598,8.06263295476516,0.5284748756991514,0.39912546911474633,24.940550898953212,6.036283181238461,15.247742398779678
122,-1.2169349285914828,7.040126038599729,-2.440382719039917,8.01623249053955,-1.3629262447357178,6.993056297302246,-1.3778151273727417,7.8079729080200195,1.5651224557432253,0.15339173685481855,0.784519759622687,1.1067087018433768,0.10846433730802466,0.5547392420040422,7.124882937188695,1.2222161068123052,0.20478153261073964,21.90658464407991,2.146981569896921,10.980705347407772
123,-1.0396422284837432,5.251139960008984,-2.881347179412842,6.2574052810668945,-1.2177746295928955,5.278074264526367,-1.197003960609436,5.996568202972412,2.098677446069437,0.18015717883211613,0.7618569289211344,1.4839890536389637,0.12739036283162683,0.5387142007340917,13.525900099429162,1.793967429731737,0.10187715793908934,39.20514027618684,3.365494531379026,14.23215741164912
124,-0.9715159832468365,4.129165232126072,-2.636975049972534,4.352617263793945,-1.0286444425582886,3.605619430541992,-0.9488425850868225,4.342182159423828,1.6803823116765222,0.5266534602749863,0.214220200493558,1.1882097275723955,0.37240023309580284,0.15147655643613667,17.969261229468785,2.683660317099049,0.9151151888191252,39.61376014669476,12.415462666317492,5.050081509404902
125,-0.8249717100706748,3.1908113688213326,-2.3375048637390137,4.14996337890625,-1.0478501319885254,3.1665995121002197,-0.9084393382072449,4.097168922424316,1.7910134336167967,0.2241896629251115,0.9101927597602226,1.2664377441066395,0.15852603092627265,0.6436034726133515,14.894736308244523,3.814103775039705,1.9954656167857208,54.34340325205931,6.802422041402341,27.61730942512716
126,-0.7094928994718985,1.2121936717073551,-2.0159666538238525,1.7321884632110596,-1.0179029703140259,0.984652578830719,-0.77525794506073,1.698327898979187,1.406153709237177,0.38326455711993507,0.4905624610041846,0.9943008231922246,0.271008967327965,0.3468800427716202,18.989570612044517,15.611245549249643,5.805103615994476,100.1133430109699,27.28712787146917,34.926372276513156
127,-0.5337125168362996,-1.5492625667286093,-2.0915417671203613,-2.421785831451416,-1.007988452911377,-2.0418081283569336,-0.6024100184440613,-1.4276506900787354,1.7855332034222011,0.6837680848209079,0.1396738890038241,1.2625626361735776,0.48349704953580236,0.09876435406930117,21.806657959072265,7.266296041552142,3.8702622625170178,108.96590898131535,41.728381612910056,8.523892049213403
128,-0.42645447953504534,-4.043471929987195,-1.8184186220169067,-5.6503071784973145,-0.7226961851119995,-4.957991600036621,-0.4681839644908905,-4.3307785987854,2.1259077331365632,0.961303997198833,0.2903213251736802,1.503243774277785,0.6797445752010287,0.205288177753374,11.819085187043765,2.2733128030723004,0.15958782319502787,52.28629927465968,23.643090294096044,7.14039817309029
129,-0.35544513670160877,-5.669683116543346,-1.4953736066818237,-7.101532936096191,-0.5225869417190552,-6.322495937347412,-0.29921653866767883,-5.719958782196045,1.8301996673655447,0.6738701373340803,0.07542743395929145,1.2941465957195404,0.4764981437480382,0.05333525004011546,8.303901447327622,1.1387075388303247,0.5947763733728522,32.21720799396488,11.862210862853125,1.3277574964350531
130,-0.3157810786109993,-6.658532032040021,-1.3683960437774658,-8.400821685791016,-0.5026648044586182,-7.6248579025268555,-0.2489725798368454,-7.249059200286865,2.0355764545848336,0.9842312812336466,0.5942942974201353,1.439369914660606,0.6959566132162355,0.42022952772627264,6.536477822650806,1.057389508136143,0.7494025963394911,30.536628156002642,14.764910739089787,8.915284874059342
131,-0.2768462674036306,-5.907975832009735,-1.454264521598816,-7.975980758666992,-0.4670121669769287,-7.162425994873047,-0.20597127079963684,-6.756479740142822,2.379697065172524,1.2687822037167413,0.8514588347423134,1.6826999319532174,0.8971645000969194,0.6020723159474858,7.650479439107612,1.0486424556515195,0.9378925119151463,40.2352466451304,21.45221156617855,14.39622577403507
132,-0.2797419436055413,-4.051040102240195,-1.8827322721481323,-5.5959906578063965,-0.4867134094238281,-4.9256439208984375,-0.1618141531944275,-4.531459331512451,2.2263086516800397,0.8987597160946577,0.49468131115476344,1.5742379446172354,0.6355190899078287,0.3497925096437857,14.644995459093929,1.6938165900422837,1.905946317874468,54.82590702833284,22.13319190860256,12.182206431061687
133,-0.39738513111483414,-0.9206608404334019,-1.9051973819732666,-2.3578805923461914,-0.8938577175140381,-1.9897894859313965,-0.30379995703697205,-1.5800648927688599,2.08305026322627,1.1787794915378753,0.6660119286045912,1.4729389666797184,0.8335229719900622,0.47094155106743724,15.592430648583074,0.849826491143356,12.463436485282857,207.73130385689265,117.55328474775695,66.41775705354023
134,-0.6526462965650032,2.747891013473741,-2.0847179889678955,2.607678174972534,-0.7291590571403503,2.0400490760803223,-0.4850738048553467,2.5754590034484863,1.4389193765677943,0.7119651753166926,0.24044404350936285,1.0174696487518067,0.5034354034351025,0.17001961366138377,25.2801407550801,6.3077896685404005,2.6951549402418156,50.94724308650611,25.20826631892777,8.513306119063722
135,-0.5715347022490541,7.633964257357574,-1.594251275062561,7.428882122039795,-0.516789436340332,6.505349159240723,-0.38208720088005066,7.208743095397949,1.0430761575905687,1.1299420710092738,0.4655141161696948,0.737566224326299,0.798989700758629,0.32916818828165345,7.8305833277633266,0.2640351712368033,1.2482770976779833,13.625490905726409,14.760202599298426,6.080915866209609
136,-0.6260936107881117,10.370391701978024,-2.05182147026062,10.850542068481445,-0.5265229940414429,10.001185417175293,-0.5757356882095337,10.801531791687012,1.5044082902355436,0.382397160629034,0.4340710740428394,1.0637773036988125,0.2703956253872714,0.3069345999726197,7.253256413089982,0.44277676242077335,0.4054138075021511,14.480398430393834,3.680691791250871,4.178069304753153
137,-0.4942105773845791,10.122706122359721,-1.8650479316711426,11.359532356262207,-0.4886443316936493,10.437848091125488,-0.46439749002456665,11.090365409851074,1.8463299230573043,0.3151911222871852,0.9681184415381251,1.3055524089014563,0.222873779939067,0.6845631150033604,6.528856476164568,0.12018065059355942,0.3988306405357673,18.217790615038936,3.1099998964642555,9.55245259162275
138,-0.5216329271762349,8.770051305521948,-1.8993070125579834,10.50762939453125,-0.4783615469932556,9.527998924255371,-0.6886165142059326,10.143998146057129,2.2174678128301335,0.7591817997598511,1.3840568770660804,1.5679865275150893,0.5368225987635984,0.9786760033213012,6.842091235230673,0.5310608628414064,0.48108697851775695,25.239941043158698,8.641254567984845,15.753786267111987
139,-0.4808834925085498,9.399579022616003,-1.6219067573547363,9.575301170349121,-0.4356051981449127,8.74599838256836,-0.3274025022983551,9.404696464538574,1.1544749300544341,0.6551471414770632,0.15356628069902836,0.8163370517513555,0.46325898641341384,0.10858775844387977,6.685159211700328,0.08622157872124174,0.9356375323762192,12.266156284395933,6.960859016881383,1.6316231301608957
140,-0.41959559903324634,6.9934973718986395,-1.2172613143920898,8.35311222076416,-0.37184059619903564,7.394828796386719,-0.28057149052619934,7.878006458282471,1.5763321765143754,0.40416265608950847,0.8953680956130494,1.1146351714158647,0.2857861548232579,0.6331208520660724,4.857756204063563,0.5565262003919939,1.394448654736318,22.49950953824716,5.768747013587509,12.779884409917889
141,-0.31871916027480335,5.379462063489919,-1.4253873825073242,6.066605091094971,-0.22815924882888794,5.120584011077881,-0.13515743613243103,5.641445159912109,1.3026435024539618,0.27426072190844636,0.3198906834859042,0.9211080540537914,0.19393161627458033,0.2261968715312824,9.831632922942946,0.840893737382086,2.018825645454918,24.17273666698009,5.089368039912391,5.936108566586373
142,-0.25084436119090736,4.289032178380566,-1.511238932609558,5.020078182220459,-0.1797741949558258,4.226292610168457,-0.03323245048522949,4.656430721282959,1.4570596197108343,0.09480095963714717,0.42700893785467464,1.0302967376906231,0.06703440142241894,0.30194091558430547,13.406806318886195,0.9130957440595843,2.938727609687178,33.913806071702446,2.206540705028636,9.938850897646214
143,-0.15062892593700344,2.919277023120024,-1.4397891759872437,3.829103469848633,-0.16986531019210815,3.017320156097412,0.024459579959511757,3.3656344413757324,1.5778841254909703,0.09991243367685469,0.47946942522852865,1.1157325650612704,0.07064875937775514,0.3390360819507089,17.653243248782154,0.2765430742187531,3.37073832603728,53.97870271054377,3.4179591944698378,16.40243231115145
144,-0.17471505666335752,2.8124452858280478,-0.9903155565261841,3.1574923992156982,-0.19322237372398376,2.595886468887329,0.04090164974331856,2.896017551422119,0.8855855045299932,0.21734820445438754,0.2312463786920538,0.6262035155736682,0.1536883892484176,0.1635158824979836,13.858890970198866,0.7055871243437191,4.364450801279362,31.427513704238415,7.71321757090767,8.206433707671296
145,-0.18269818721513467,2.070266365075266,-1.0720834732055664,2.4918038845062256,-0.23657238483428955,1.949790120124817,0.09169951826334,2.074885606765747,0.9842256180491791,0.13197331081119548,0.2744365831401615,0.6959526087400953,0.09331922301023624,0.19405596894407395,18.236436605438097,1.8765320465397364,7.574163399405108,47.35696760179148,6.350023500480205,13.20478164577259
146,-0.17211234472709375,0.07040548185162307,-1.0099592208862305,-0.02620021626353264,-0.34347110986709595,-0.01545785367488861,0.052727892994880676,-0.11746592819690704,0.8433979184216311,0.19166726057948644,0.2929996573590094,0.596372387354554,0.1355292196872039,0.20718204460389045,23.73470581789757,24.82572395310281,136.4213307538928,453.5473128183006,103.07136061440096,157.56406833509354
147,-0.5306138468809756,-4.150287661851288,-1.4315564632415771,-2.2843306064605713,-0.2581593990325928,-2.00881290435791,-0.05062738433480263,-2.178985834121704,2.072074644055344,2.158737029638786,2.0288957341957192,1.4651780319362353,1.5264575924560906,1.4346459319702523,24.78910957148206,0.0788025986635875,5.9551253419252275,49.522948316478946,51.59419456938031,48.49096477888059
148,-0.30136418071906557,-3.7030538350255866,-1.6077523231506348,-9.316707611083984,-0.5340155363082886,-8.281665802001953,-0.15699465572834015,-8.789703369140625,5.763658447213932,4.584518971211341,5.088697872998433,4.075521972468098,3.2417444530219135,3.598252773406753,5.13852033203735,0.9645343280868034,3.629709682373262,155.1332026654243,123.39577669252773,136.96613108928696
149,-0.26120948672596594,-3.324475489476707,-1.5015184879302979,-3.9038994312286377,-0.20373621582984924,-3.4360790252685547,0.009248444810509682,-3.7251858711242676,1.3689771812356233,0.12553296805517142,0.4834421399620877,0.9680130481413544,0.08876521297428595,0.3418452154785282,16.545260701571017,1.101076015374406,4.635241876354067,41.05221888315565,3.764421315628999,14.497226702604118
150,-0.24017718949148115,-1.8853516609344774,-1.5946489572525024,-2.7261180877685547,-0.18067023158073425,-2.3228578567504883,0.026202453300356865,-2.658991575241089,1.5942026076233244,0.4415345393252821,0.8182156385099519,1.1272714744357295,0.3122120668849853,0.5785658264632678,23.065836243094136,2.8135168161286983,7.824840341144394,83.87942773336503,23.231466506213582,43.05065064660888
151,-0.15260994366859162,0.6438423165100576,-1.0099762678146362,0.00759708508849144,-0.17331203818321228,0.04720095172524452,0.011673885397613049,-0.21036627888679504,1.0676539740413946,0.5970004144802387,0.8698629207768992,0.7549453650054363,0.4221430414501563,0.6150859699840819,76.2343373676741,61.43067823272837,169.83953965686905,161.35460773167713,90.22470766392028,131.46243424823862
152,-0.11882036385170186,3.7869124499981965,-1.3243510723114014,3.5674989223480225,-0.20218145847320557,3.191591739654541,0.08803463727235794,3.239558458328247,1.2253352949928598,0.6011287884144045,0.5851370640175358,0.8664428963166698,0.4250622426542787,0.4137543858903866,18.569207302098807,1.8286177017382905,3.354339018577391,32.34119064274624,15.866041585839255,15.443960046575016
153,-0.036862018375479005,7.318306324511653,-0.7949179410934448,7.27410888671875,-0.05091797560453415,6.801444053649902,0.023687714710831642,6.721308708190918,0.7593432659049819,0.5170533598904378,0.6000603503560812,0.5369367725697524,0.365611937013817,0.42430674285796055,5.948117566906834,0.14681983049365974,0.49242559132379415,10.375811011186515,7.065115588439948,8.199338915820649
154,-0.09286344674762537,8.059476880768198,-0.7750542163848877,8.369555473327637,-0.07725353538990021,7.940749168395996,-0.008404345251619816,7.77888298034668,0.7493550425145098,0.11974948441530905,0.29302948107532373,0.5298740320783435,0.08467567247365783,0.2072031331559365,4.63075242623581,0.11044837792048827,0.5996300257224066,9.2971952817052,1.4857234265839803,3.635596151741744
155,-0.752588157853219,6.630887862385428,-1.6554806232452393,8.754841804504395,-0.7227343320846558,7.758427143096924,-0.6318667531013489,7.724580764770508,2.3078984276402585,1.1279344309224788,1.1003353226597625,1.6319306284741972,0.7975700848390743,0.7780545682318059,4.2328035343164405,1.1539864402199085,1.799364626876259,34.58323826850837,16.901794597490298,16.48822937052154
156,-1.5653482822607498,6.520080977685196,-3.062917470932007,7.271145820617676,-1.5186527967453003,6.4913411140441895,-1.4523663520812988,6.473930358886719,1.675354253030289,0.054831087255563425,0.12204423854716251,1.1846543532074403,0.03877143361824018,0.08629830868144725,9.342874928476927,0.3355116700018938,0.8568509709711061,24.985321772296516,0.8177210018282329,1.820101369629937
157,-2.9027506923622197,7.125310890934162,-5.098853588104248,8.204826354980469,-3.027682304382324,6.9915595054626465,-2.9312753677368164,7.102628231048584,2.4470842988752217,0.18302278764539623,0.036443931795443314,1.7303499018697974,0.12941665425572516,0.025769751305658,9.693497311286094,1.250337904319566,0.2640507172793745,31.80553372615113,2.378805441147032,0.47367338442991175
158,-2.9636415531093245,6.680253122289268,-5.774105548858643,8.60312271118164,-3.465841293334961,7.0542426109313965,-3.3821585178375244,7.177392482757568,3.4053098724331012,0.6261571022495053,0.6498492082723006,2.407917702838943,0.44275993308874356,0.45951278191805284,9.944073436019405,2.2417846235817827,1.307502077020961,46.596103917404,8.567937279725987,8.89212505576281
159,-2.1332288220469704,6.646805984891813,-4.180654525756836,7.533689498901367,-2.4323511123657227,6.47550630569458,-2.2964863777160645,6.482425212860107,2.2312584744116433,0.34469947005850016,0.23167664469425253,1.5777379978364237,0.24373933274977477,0.16382012650585234,11.233655090264792,2.7941504841036426,1.7143924288585701,31.963076940327785,4.937866145550564,3.3187990116617994
160,-0.31065911542006464,5.022791230799309,-1.6399786472320557,6.142507076263428,-0.5565484166145325,5.469433784484863,-0.41299524903297424,5.3068952560424805,1.7380604109869935,0.5098540175429206,0.30197314682304416,1.2289943027207808,0.3605212332198041,0.21352725985481547,11.409501853338826,2.271518578635545,0.9120880421282496,34.53748010478339,10.131450481190598,6.000592087968436
161,0.6992700129211432,3.6576136204989913,0.0030915732495486736,4.747156143188477,0.5682211518287659,4.160010814666748,0.9071964025497437,3.988067626953125,1.2929684174844116,0.5192078049309774,0.39042698918693264,0.9142667358632665,0.3671353597116763,0.27607357161232693,10.786149160843536,3.045894563522717,1.9929583097979946,34.72120934790062,13.942740322417627,10.484476684283322
162,1.4663171609345913,3.434427798177299,1.174273133277893,3.9009149074554443,1.5137317180633545,3.4811620712280273,1.7024309635162354,3.1319117546081543,0.5503634591909484,0.06657501412164175,0.3837521132010769,0.38916573411120536,0.047075643943003044,0.27135372153914905,6.367045248587187,0.3857532855848216,5.4078650928564,14.737859441972029,1.7827731548791674,10.276272180626316
163,1.8363639302850736,3.6786469230738765,1.654538869857788,4.0442352294921875,1.9191930294036865,3.604187488555908,2.0632879734039307,3.2877578735351562,0.40830768103134535,0.11137713881015536,0.45198315277750456,0.2887171300678182,0.07875553012181626,0.3196003523110488,4.278542101801108,1.5077452327268825,5.583151265862875,9.930797550892176,2.708897894174951,10.99306575695495
164,1.7703273425386892,3.668148801893097,2.3161611557006836,4.833616256713867,2.109482765197754,4.378183364868164,2.3670284748077393,3.8976035118103027,1.286953355734918,0.7868770433417428,0.6392978219533955,0.9100134449109437,0.5564060933069672,0.45205182510103603,0.16887168764017008,0.06604375859462515,5.5077808433269135,31.597141900181143,19.319321470097815,15.695972124182328
165,1.7297412808187262,4.218791188550411,1.7273190021514893,4.626842498779297,1.929720163345337,4.381060600280762,2.0702764987945557,3.970189332962036,0.4080584997441568,0.257532358044394,0.42162437937556335,0.28854093228990235,0.18210287674815293,0.29813345777003036,1.8229242460215114,1.4788829413416253,5.246248113570193,8.949382146154928,5.648100673272842,9.246903803089694
166,1.7145491764616498,4.806100983388625,1.4229389429092407,5.095057010650635,1.5729022026062012,4.550531387329102,1.8684898614883423,4.2888288497924805,0.4105266300784082,0.2921980212671433,0.539692685425321,0.2902861639861037,0.20661520228728805,0.3816203576210227,4.029986719423509,0.5680743147618673,3.907814665205878,8.045168446209486,5.726260194848464,10.576460198464039
167,1.2408016076332968,4.6555264580163565,0.8527473211288452,6.058977127075195,1.4434155225753784,5.343918800354004,1.6883140802383423,4.950938701629639,1.4561112284973912,0.7175907019445485,0.536223653724558,1.0296261238323796,0.5074132514614049,0.37916738178126214,6.912615851947632,0.1979960106007984,3.906472498817566,30.22206222713608,14.893828454411418,11.129496369071438
168,0.9773861983615613,4.853691207867701,0.3671838939189911,5.523526668548584,0.9990981817245483,4.991711616516113,1.2084016799926758,4.725647926330566,0.9061050693670097,0.13971772766914467,0.26412730775149657,0.6407130390169196,0.09879535268682753,0.1867662104076294,7.582316635244092,0.08436646107113398,2.9588933581374715,18.301007278164224,2.8219411163297488,5.334696764138923
169,0.7892528254004663,4.964972069673122,0.19378623366355896,5.666628360748291,0.7498465776443481,5.000983715057373,1.000731110572815,4.723517894744873,0.9202727925349805,0.053382496808388635,0.3209722475381923,0.6507311321429655,0.03774712548988083,0.22696165280694292,7.073948971991245,0.5075808443346888,2.9299389242401657,18.305463457294234,1.061849652094262,6.384569657798117
170,0.5459262467497645,4.967764482877841,0.20233304798603058,5.4859089851379395,0.5290721654891968,4.983107566833496,0.725404679775238,4.744026184082031,0.6217153781748207,0.02279189067208142,0.2868298001765547,0.4396191598753746,0.01611630045029119,0.20281929675122418,4.15934063144435,0.21685247356105586,2.4229757799575222,12.440101166950177,0.4560502051262337,5.739268895628155
171,0.47051985879973723,4.7853500095179164,0.1068766787648201,5.85811710357666,0.4804190397262573,5.381994724273682,0.6765155792236328,5.060144424438477,1.1327248564771362,0.5967268298216567,0.34343297352539215,0.8009574272335417,0.42194958788284437,0.24284378446286484,4.5706325182057155,0.5171241258279914,2.0000993077076785,23.557080459931516,12.410023371807565,7.142315403135585
172,0.34846121445466444,4.865298302821402,-0.43990081548690796,5.7095627784729,0.3263735771179199,5.119229316711426,0.48709672689437866,4.928979396820068,1.1551178273668432,0.2548898262746771,0.15256174829323751,0.8167916488005666,0.18023432461428524,0.10787744676782343,8.502499887346305,0.451622835995507,1.5480519504737194,23.6813123308886,5.225549673781985,3.127700331068644
173,0.3191670020019019,5.223950546151222,-0.2509877681732178,5.545291423797607,0.22717693448066711,4.9941534996032715,0.4449693560600281,4.734101295471191,0.6544741565562331,0.24752546358854158,0.5057455097955432,0.46278311421225854,0.1750269338198016,0.35761607953107616,6.08796565129277,0.8931770061316642,1.8740464268286559,12.505019727769257,4.729462232072094,9.663265560403518
174,0.620353257245897,9.94291530319852,-0.31697288155555725,5.849422454833984,0.30022311210632324,5.213711261749268,0.4863097071647644,4.967479705810547,4.199436151448435,4.740026811684405,4.977240908080878,2.9694497798491253,3.351705101548093,3.519440797703079,6.672026824669861,0.27796449132847517,2.021710860710987,42.15349565144397,47.579887486835595,49.961017481504285
175,0.36774918611612806,4.098301617958899,0.3181173801422119,9.517394065856934,0.537412703037262,8.983680725097656,0.9677027463912964,8.567378044128418,5.4193197243777504,4.888324327358193,4.5091671489789515,3.832037726525519,3.4565672805141467,3.1884626685466277,3.213503257589268,1.7048088165000743,1.3177180896407612,131.7041382864845,118.79951284355947,109.58496710842908
176,0.39181825608684356,3.9845592564320045,-0.15835528075695038,4.768701076507568,0.4449358582496643,4.120440483093262,0.5971484184265137,3.9974677562713623,0.9578983842948203,0.14589443929943205,0.20573552181025517,0.677336443222505,0.10316294736603754,0.14547698260298428,7.518210376570915,0.5499292596542781,2.8806040648781845,23.924865753258093,3.6439197848270632,5.138535381924094
177,0.4198880233871107,3.667496712437338,-0.20957031846046448,4.492437362670898,0.4607541859149933,4.001204967498779,0.6292234063148499,3.7940614223480225,1.0376631826027503,0.3362011938347444,0.24462201115246957,0.7337386730060194,0.23773014400356066,0.1729738829134025,9.202360815416476,0.06944305658409941,2.885775523952868,28.109871474848457,9.107552919706174,6.626710293572518
178,0.495559669700053,3.5558171584970593,-0.3997305929660797,4.109152793884277,0.4566900432109833,3.511467456817627,0.6139219999313354,3.382337808609009,1.052485144699995,0.05897239949717521,0.21001125221130365,0.7442193829154712,0.04169978358729474,0.14850038056409115,13.490241823914698,0.5273683758538479,2.354471466226032,29.315639361898516,1.6426014226146466,5.84959717747104
179,0.5644745832430357,3.501598437129612,-0.8438108563423157,4.009463787078857,0.5113235712051392,3.4354441165924072,0.7154746055603027,3.2680485248565674,1.4970621540294098,0.08486120554406389,0.27811251007921595,1.0585828009719354,0.06000593389987302,0.19665524180982566,21.04238493583247,0.6946464474017789,3.1919655657269983,42.20875703756271,2.392610084413166,7.841213095558441
180,0.6219725702599902,3.6448064374433202,-0.23651498556137085,4.092888832092285,0.5761536359786987,3.5493931770324707,0.8221707344055176,3.4228146076202393,0.9683897541251071,0.10584453222014772,0.29893089073469686,0.6847549619734367,0.07484338648438447,0.21137605994463904,12.991419090160196,0.4678026564202806,3.8231829840985836,26.190432886375543,2.8626016598100654,8.084688420237134
181,1.401626981629845,7.075771168023988,0.139927476644516,4.117358207702637,0.772992730140686,3.493020534515381,0.9226117134094238,3.302560567855835,3.2162233884911613,3.6374830754316454,3.8034949533829536,2.2742133678128758,2.5720889490890144,2.689477073745898,9.258269616376026,1.274752925886465,4.404122143537674,44.58766397653145,50.42773884053923,52.72922133603169
182,0.7581125253044492,3.3426395534127984,0.8757587671279907,7.952507019042969,1.5151290893554688,6.843353271484375,1.8875106573104858,6.464428424835205,4.611368418256205,3.581629603147446,3.3198050994471813,3.260729879098446,2.532594580084042,2.347456698036783,6.49445283996819,0.29934947999526335,3.4988412903063497,134.53904373827683,104.49588454578105,96.85702007864676
183,0.6802537361400522,2.9437189974902336,0.4468366205692291,3.9262304306030273,0.7072296738624573,3.028064250946045,0.9055042862892151,2.8897314071655273,1.0098575473990175,0.08855406820992545,0.2316300288208954,0.7140771197982606,0.06261718213289436,0.16378716410569058,6.519382905350535,0.1494680870149281,4.387126790284919,33.424653009094456,2.9309965648956244,7.666579667365577
184,0.7150139874595105,2.9980488390835283,0.5886398553848267,3.3496856689453125,0.6736906170845032,2.96034574508667,0.9292564988136292,2.777235746383667,0.3736561004090192,0.055938754330839086,0.307665850524554,0.26421476243093894,0.03955467251846467,0.21755260924543882,3.4478405834321393,0.5971263509267456,5.086478579878582,12.123297062967566,1.8149366097402981,9.982239010568318
185,0.7524870907694942,3.063107700764291,-0.08188030868768692,3.3268680572509766,0.7677749395370483,2.8439345359802246,0.956607460975647,2.726626396179199,0.8750648449863145,0.21970569970167628,0.3935540545698675,0.618764285867778,0.15535539012439054,0.27828474074981385,15.212040063680078,1.3075426223031443,5.5312227252707125,27.743002089851803,6.965536006730204,12.477213569895202
186,0.7280136369151929,2.7133496759842264,0.5864557027816772,3.059079885482788,0.8200345039367676,2.778726100921631,0.9855157136917114,2.6768953800201416,0.37358804380770555,0.11288009968545565,0.26006967381541646,0.2641666391466456,0.07981828394859916,0.18389702993585447,4.167225517251427,1.4243781042533576,5.192760467545551,13.298173436848279,4.018059914033445,9.257393766707676
187,0.8074448818471476,2.9216497617191357,0.6489858031272888,3.136249303817749,0.8829533457756042,2.9796268939971924,1.0744208097457886,2.873831272125244,0.26676252191355687,0.0951991386096656,0.2712245453943678,0.18862958821150105,0.06731595647401262,0.19178471527259605,3.7583159987620953,1.059173925916929,5.050370707683129,8.800639133273638,3.140670805974962,8.94784368876039
188,0.7754752366187805,2.9196091441425014,0.22100184857845306,3.395841121673584,0.8754889369010925,2.9238157272338867,1.0873771905899048,2.7666547298431396,0.7309156137804727,0.10010212577895074,0.34738722161971664,0.5168353869792998,0.07078289194948478,0.24563986010485567,11.15145458748216,1.7958358900456557,6.581787187296762,24.195767067204194,3.3137173055478324,11.499686335826997
189,1.5929761597769292,5.33457485183042,0.47590479254722595,2.7642273902893066,0.7051318883895874,2.3749709129333496,0.9453208446502686,2.26098895072937,2.8025942468604486,3.089906620817266,3.14108065777671,1.9817333968694282,2.184893924813099,2.2210794333678128,6.857996437754361,0.10931671672860385,6.063815083677806,50.33992579317622,55.50060276261255,56.4197858466289
190,0.7756456338349742,2.5117820334428673,1.5226850509643555,5.834537506103516,1.7276763916015625,5.093794822692871,2.1723098754882812,4.9683732986450195,3.40569696565054,2.751936156160642,2.8258647611272054,2.408191419077945,1.9459127174136317,1.9981881353091504,2.5348652306397073,1.575874893013529,6.455720975770987,129.55248973504953,104.683471318304,107.49571061400651
191,0.828322967927294,2.6851108476237213,-0.7504276037216187,3.6811208724975586,0.8546698093414307,2.5831403732299805,1.0783511400222778,2.5154175758361816,1.8666786914546782,0.10531919910721989,0.3021752692248634,1.319941161024034,0.07447191987785137,0.21367018197577156,28.66674649133593,1.1652558620016036,6.060704626945474,66.4305230725264,3.748052366109115,10.753677794728574
192,0.6842856025248125,2.2414930330170204,-0.5493909120559692,3.082209587097168,0.757297694683075,2.092351198196411,0.9335299134254456,2.0695130825042725,1.4929039041186085,0.1660543660822699,0.30281979772580697,1.0556424742621395,0.11741816830240648,0.2141259324494568,27.083116816060542,2.921565799051357,7.303448946944221,63.70086452078186,7.085390190024314,12.921047936123323
193,0.7516970220667222,2.367139504019313,0.5283223986625671,3.2001681327819824,0.8588488101959229,2.377890110015869,1.0110071897506714,2.2413949966430664,0.8624574880648678,0.10768974523406721,0.2881899446538216,0.6098495382957839,0.07614814911926061,0.20378106413449307,8.243267200474929,2.2424198881633486,6.661197317086777,34.72573996564773,4.335988894195565,11.603596950868287
194,0.6256201284987014,2.0559828060690215,0.47987085580825806,2.277979850769043,0.6087487936019897,2.0058844089508057,0.853121280670166,1.974346399307251,0.265566448079076,0.05286294860307603,0.24170493819596892,0.1877838362923398,0.037379749430750994,0.17091120084464498,5.029403440296369,0.08942449419464588,6.445184961675531,12.357321245707652,2.4598153968946814,11.246998969810125
195,0.6237714002297692,2.0597567300551236,0.6696308851242065,2.2730562686920166,0.7015119791030884,1.9857755899429321,0.9152150750160217,1.891239881515503,0.2181737507985196,0.10731638596159707,0.33665612101169407,0.15427213866653716,0.0758841442458781,0.23805182609532782,0.44023118262041344,2.60961568456952,8.975487505696842,10.137545676070612,4.986506215778435,15.642884588057242
196,0.8116915590348234,2.5643982474261366,0.433212012052536,2.469421148300171,0.6544538736343384,1.9879727363586426,0.8849274516105652,1.932434320449829,0.3902145779469304,0.5974864513271607,0.636193288993747,0.2759233741841211,0.4224867214005214,0.4498565887928515,7.613936597447512,0.6623255923895193,7.041258349775039,14.507239332118353,22.213108984052475,23.652136097731937
197,0.686417991393361,2.143086029079014,-0.5771116614341736,3.21414852142334,0.918533205986023,2.3575243949890137,1.0955448150634766,2.2134506702423096,1.6564063650207665,0.3160083632114004,0.41513364182204887,1.171256173106744,0.22345165653844273,0.29354381323103806,27.939234111413697,3.527588504206858,8.57341764693768,73.60724837922919,14.042753379858938,18.44767427212007
198,0.7240581439471923,2.2112253825768455,0.31177064776420593,2.754110336303711,0.6812112331390381,1.9386601448059082,0.9333779811859131,1.822043776512146,0.6816927845385021,0.2759124256116957,0.44190170486290675,0.48202959063311496,0.19509954716365888,0.3124716921264577,11.672575852968404,1.2321699230619982,8.994168658272168,29.29803410391819,11.858262018628837,18.99220809329513
